INSERT INTO Ciudad VALUES ('8c0d8c26-10f5-416c-b516-b1b8b3baf909', 'Riohacha');
INSERT INTO Ciudad VALUES ('69797a9d-c390-4166-999b-39916f3ee4b4', 'Barranquilla');
INSERT INTO Ciudad VALUES ('4435f44d-1e23-43ca-a22d-a2574279fa23', 'Sincelejo');
INSERT INTO Ciudad VALUES ('2b631fa6-0f1c-46f8-a8e9-d8a0e4ee4361', 'Cartagena');
INSERT INTO Ciudad VALUES ('da30886f-b81c-438a-8a2e-a3d961b8b617', 'Medellín');
INSERT INTO Ciudad VALUES ('3a886fca-e04b-4fc2-b54b-9ba271b6e4a0', 'Manizales');
INSERT INTO Ciudad VALUES ('d805edc9-0903-4a8b-a448-5b75b5bc2762', 'Cali');
INSERT INTO Ciudad VALUES ('feb71cc2-ff46-414f-85c3-b11cbc10fbd3', 'Villavicencio');
INSERT INTO Ciudad VALUES ('6c50d31b-1c30-485d-bc9f-4dfc7f15cbe4', 'Popayán');
INSERT INTO Ciudad VALUES ('5d79518a-34d1-4e95-8292-17558bb81994', 'Pasto');
INSERT INTO Ciudad VALUES ('d9f2bd15-35e6-4154-9a11-ff6d48ea96c1', 'Leticia');
--------- INSERTS SUCURSAL ---------
INSERT INTO Sucursal VALUES('84be38d2-1768-4f75-8746-793a8eb4ae43', 'BA - Riohacha', '8c0d8c26-10f5-416c-b516-b1b8b3baf909');
INSERT INTO Sucursal VALUES('dff115cb-ad1e-4c45-998f-ab2e7ff4be5e', 'BA - Barranquilla', '69797a9d-c390-4166-999b-39916f3ee4b4');
INSERT INTO Sucursal VALUES('2a54c65a-0e3d-446a-9024-c8ccd1deec73', 'BA - Sincelejo', '4435f44d-1e23-43ca-a22d-a2574279fa23');
INSERT INTO Sucursal VALUES('c7763a7e-c789-4ca7-9e61-dd6fd72bf32e', 'BA - Cartagena', '2b631fa6-0f1c-46f8-a8e9-d8a0e4ee4361');
INSERT INTO Sucursal VALUES('61e28180-a3c1-47ce-8032-abfbb5f843fe', 'BA - Medellín', 'da30886f-b81c-438a-8a2e-a3d961b8b617');
INSERT INTO Sucursal VALUES('5278330a-1fc2-4c53-8f2a-da0183639adf', 'BA - Manizales', '3a886fca-e04b-4fc2-b54b-9ba271b6e4a0');
INSERT INTO Sucursal VALUES('1e4f71e7-40a3-4219-bf97-a90b3b5ef0ab', 'BA - Cali', 'd805edc9-0903-4a8b-a448-5b75b5bc2762');
INSERT INTO Sucursal VALUES('0f6a43f5-a9dd-4164-bc62-95ba92161375', 'BA - Villavicencio', 'feb71cc2-ff46-414f-85c3-b11cbc10fbd3');
INSERT INTO Sucursal VALUES('5c4b3003-c68e-4aa1-a12d-6a7ba89c7ecc', 'BA - Popayán', '6c50d31b-1c30-485d-bc9f-4dfc7f15cbe4');
INSERT INTO Sucursal VALUES('f9863014-0311-4f65-9ba3-a1a22873cba6', 'BA - Pasto', '5d79518a-34d1-4e95-8292-17558bb81994');
INSERT INTO Sucursal VALUES('ce67dec2-3520-4f8a-9d9c-6c4cc32f62e5', 'BA - Leticia', 'd9f2bd15-35e6-4154-9a11-ff6d48ea96c1');
--------- INSERTS CARGO ---------
INSERT INTO Cargo VALUES (0, 'Empleado');
INSERT INTO Cargo VALUES (1, 'Gerente');
------ INSERTS EMPLEADO ------
INSERT INTO Empleado(cedula, nombre, salario, fecha_nacimiento, fecha_ingreso, id_cargo, id_sucursal) VALUES ('4027416154', 'Iván Diez', 1200000, '1995-12-27', '2019-12-17', 0, '84be38d2-1768-4f75-8746-793a8eb4ae43');
INSERT INTO Empleado(cedula, nombre, salario, fecha_nacimiento, fecha_ingreso, id_cargo, id_sucursal) VALUES ('12825910', 'Emilio Vazquez', 1500000, '1985-05-21', '2020-12-02', 1, '84be38d2-1768-4f75-8746-793a8eb4ae43');
INSERT INTO Empleado(cedula, nombre, salario, fecha_nacimiento, fecha_ingreso, id_cargo, id_sucursal) VALUES ('21444770', 'Ariadna Name', 1200000, '1985-06-24', '2019-01-11', 0, 'dff115cb-ad1e-4c45-998f-ab2e7ff4be5e');
INSERT INTO Empleado(cedula, nombre, salario, fecha_nacimiento, fecha_ingreso, id_cargo, id_sucursal) VALUES ('1411324243', 'Paulina Cortes', 1500000, '1986-11-19', '2021-09-08', 1, 'dff115cb-ad1e-4c45-998f-ab2e7ff4be5e');
INSERT INTO Empleado(cedula, nombre, salario, fecha_nacimiento, fecha_ingreso, id_cargo, id_sucursal) VALUES ('921122695', 'Valentina Andres', 1200000, '1996-12-02', '2019-08-27', 0, '2a54c65a-0e3d-446a-9024-c8ccd1deec73');
INSERT INTO Empleado(cedula, nombre, salario, fecha_nacimiento, fecha_ingreso, id_cargo, id_sucursal) VALUES ('294267723', 'Ester Lopez', 1500000, '1989-12-14', '2019-03-24', 1, '2a54c65a-0e3d-446a-9024-c8ccd1deec73');
INSERT INTO Empleado(cedula, nombre, salario, fecha_nacimiento, fecha_ingreso, id_cargo, id_sucursal) VALUES ('0188237321', 'Patricio Dominguez', 1200000, '1999-05-24', '2018-01-21', 0, 'c7763a7e-c789-4ca7-9e61-dd6fd72bf32e');
INSERT INTO Empleado(cedula, nombre, salario, fecha_nacimiento, fecha_ingreso, id_cargo, id_sucursal) VALUES ('0237805028', 'Lea Vila', 1500000, '1995-02-18', '2018-04-12', 1, 'c7763a7e-c789-4ca7-9e61-dd6fd72bf32e');
INSERT INTO Empleado(cedula, nombre, salario, fecha_nacimiento, fecha_ingreso, id_cargo, id_sucursal) VALUES ('4614371424', 'Adriana Marin', 1200000, '1987-09-19', '2019-09-13', 0, '61e28180-a3c1-47ce-8032-abfbb5f843fe');
INSERT INTO Empleado(cedula, nombre, salario, fecha_nacimiento, fecha_ingreso, id_cargo, id_sucursal) VALUES ('393987344', 'Violeta Alvarez', 1500000, '1989-06-23', '2018-11-02', 1, '61e28180-a3c1-47ce-8032-abfbb5f843fe');
INSERT INTO Empleado(cedula, nombre, salario, fecha_nacimiento, fecha_ingreso, id_cargo, id_sucursal) VALUES ('92802776', 'Montel Izquierdo', 1200000, '1984-06-15', '2020-11-05', 0, '5278330a-1fc2-4c53-8f2a-da0183639adf');
INSERT INTO Empleado(cedula, nombre, salario, fecha_nacimiento, fecha_ingreso, id_cargo, id_sucursal) VALUES ('7929538663', 'Pàola Izquierdo', 1500000, '1999-05-06', '2019-06-22', 1, '5278330a-1fc2-4c53-8f2a-da0183639adf');
INSERT INTO Empleado(cedula, nombre, salario, fecha_nacimiento, fecha_ingreso, id_cargo, id_sucursal) VALUES ('2668803024', 'Neron Menendez', 1200000, '1984-01-03', '2018-04-21', 0, '1e4f71e7-40a3-4219-bf97-a90b3b5ef0ab');
INSERT INTO Empleado(cedula, nombre, salario, fecha_nacimiento, fecha_ingreso, id_cargo, id_sucursal) VALUES ('743943403', 'Dimos Ortega', 1500000, '2002-03-02', '2022-10-28', 1, '1e4f71e7-40a3-4219-bf97-a90b3b5ef0ab');
INSERT INTO Empleado(cedula, nombre, salario, fecha_nacimiento, fecha_ingreso, id_cargo, id_sucursal) VALUES ('861096512', 'Estefanía Navarro', 1200000, '2002-02-07', '2020-10-05', 0, '0f6a43f5-a9dd-4164-bc62-95ba92161375');
INSERT INTO Empleado(cedula, nombre, salario, fecha_nacimiento, fecha_ingreso, id_cargo, id_sucursal) VALUES ('79897300', 'Joaquin Dominguez', 1500000, '1986-04-12', '2019-12-19', 1, '0f6a43f5-a9dd-4164-bc62-95ba92161375');
INSERT INTO Empleado(cedula, nombre, salario, fecha_nacimiento, fecha_ingreso, id_cargo, id_sucursal) VALUES ('19491131', 'Águeda Pardo', 1200000, '1988-02-07', '2018-02-22', 0, '5c4b3003-c68e-4aa1-a12d-6a7ba89c7ecc');
INSERT INTO Empleado(cedula, nombre, salario, fecha_nacimiento, fecha_ingreso, id_cargo, id_sucursal) VALUES ('832633854', 'Nerea Reyes', 1500000, '2002-06-19', '2018-11-23', 1, '5c4b3003-c68e-4aa1-a12d-6a7ba89c7ecc');
INSERT INTO Empleado(cedula, nombre, salario, fecha_nacimiento, fecha_ingreso, id_cargo, id_sucursal) VALUES ('631619235', 'Vidal Guerrero', 1200000, '1999-07-05', '2022-12-22', 0, 'f9863014-0311-4f65-9ba3-a1a22873cba6');
INSERT INTO Empleado(cedula, nombre, salario, fecha_nacimiento, fecha_ingreso, id_cargo, id_sucursal) VALUES ('81111420', 'Filomena Dominguez', 1500000, '1994-12-11', '2021-03-10', 1, 'f9863014-0311-4f65-9ba3-a1a22873cba6');
INSERT INTO Empleado(cedula, nombre, salario, fecha_nacimiento, fecha_ingreso, id_cargo, id_sucursal) VALUES ('916284980', 'Lolita Martinez', 1200000, '1991-07-22', '2022-09-23', 0, 'ce67dec2-3520-4f8a-9d9c-6c4cc32f62e5');
INSERT INTO Empleado(cedula, nombre, salario, fecha_nacimiento, fecha_ingreso, id_cargo, id_sucursal) VALUES ('5754414235', 'Triana Santos', 1500000, '2002-07-04', '2018-09-14', 1, 'ce67dec2-3520-4f8a-9d9c-6c4cc32f62e5');
